Day,Citizens,Avg. salary,Water price,Bread price
1,100,554.25,100.0,100.0
2,100,554.25,90.0,104.7
3,100,554.25,81.0,108.9
4,100,554.25,84.58,112.9
5,100,390.26,80.48,122.0
6,100,327.3,84.42,109.0
7,100,255.34,87.81,98.0
8,100,178.17,87.87,88.0
9,100,160.13,91.2,79.0
10,200,81.005,86.48,71.0
11,200,90.115,87.585,64.34756097560975
12,200,116.21,85.415,70.235
13,200,118.44,82.75,75.53
14,200,138.925,84.415,72.45
15,200,141.625,81.475,76.0
16,200,144.94,83.415,70.85
17,200,143.465,81.16,75.0
18,200,143.96,82.375,68.13
19,200,142.48,80.565,74.0
20,364,80.7032967032967,81.355,67.93
21,400,89.375,83.67582417582418,73.25
22,400,108.73,86.62,76.875
23,400,135.6275,90.0,80.16
24,400,143.1425,89.8025,80.7025
25,400,154.8,90.0,84.8
26,400,157.0375,85.8475,87.0275
27,400,161.1625,90.0,88.73
28,400,160.495,86.075,90.9325
29,400,163.0325,90.0,90.8025
30,728,98.98626373626374,86.105,96.4525
31,792,103.56186868686869,91.18131868131869,97.51708074534162
32,800,125.85125,98.10479797979798,107.35461956521739
33,800,147.5125,98.91875,119.63454317897371
34,800,169.56,99.26875,129.10366624525918
35,800,171.50875,103.265,138.40861618798957
36,800,179.8275,100.95875,147.80965517241378
37,800,185.195,106.07625,160.95209580838323
38,800,199.12375,101.07375,166.42903225806452
39,800,202.20625,105.525,173.76388888888889
40,1064,179.05263157894737,99.29375,178.46575342465752
41,1206,169.64427860696517,105.15391879131256,185.00597014925373
42,1259,171.58776806989675,107.28114478114477,192.8874388254486
43,1268,168.37223974763407,111.54412955465587,198.6259842519685
44,1272,172.90801886792454,119.15780998389694,204.38084112149534
45,1273,178.14218381775333,122.7762520193861,199.7829268292683
46,1262,178.27099841521394,123.48487261146497,202.35248041775458
47,1168,189.77568493150685,130.82315112540192,195.4476439790576
48,1045,199.51291866028708,129.84840654608095,185.93700787401573
49,915,217.72349726775957,131.8401913875598,188.9440203562341
50,909,225.5016501650165,130.40327868852458,178.10625
51,909,239.6941694169417,130.33333333333334,183.45857418111754
52,891,247.87991021324353,124.42024202420242,188.44897959183675
53,890,252.87078651685394,127.16610549943883,193.49552772808588
54,891,254.324354657688,118.85393258426966,199.06045751633988
55,907,249.30650496141124,124.83052749719417,206.8502772643253
56,915,249.80109289617485,117.51157662624036,213.94248608534323
57,917,247.73936750272628,122.67540983606557,218.7392086330935
58,932,245.47961373390558,116.3391494002181,220.3210332103321
59,933,244.15862808145766,120.08261802575107,232.60611854684512
60,992,233.36290322580646,117.2400857449089,231.41350210970464
61,1032,230.11143410852713,124.46774193548387,234.78373015873015
62,1046,226.49521988527724,122.09883720930233,232.59847036328873
63,1053,226.11490978157644,127.19407265774379,236.8076109936575
64,1052,225.99239543726236,128.6951566951567,235.53009259259258
65,1044,227.90134099616859,129.25,235.76808510638298
66,1039,229.6689124157844,137.1235632183908,233.28680203045684
67,1025,231.33951219512196,136.13185755534167,230.68909512761022
68,1008,232.83333333333334,140.04390243902438,224.26470588235293
69,967,236.12202688728024,142.54365079365078,228.61439588688947
70,946,237.9429175475687,140.6401240951396,217.57906976744187
71,919,242.52992383025028,147.56871035940804,223.92266666666666
72,877,249.1448118586089,142.52992383025028,212.48695652173913
73,847,254.6387249114522,148.72748004561004,215.68079800498754
74,847,260.788665879575,140.52302243211335,209.40408163265306
75,844,265.36729857819904,147.95277449822905,209.08724832214764
76,844,268.20971563981044,139.52843601895734,208.63779527559055
77,839,271.1323003575685,147.23222748815166,214.7737556561086
78,849,270.2497055359246,138.63528009535162,211.3704414587332
79,845,275.35266272189347,146.34157832744404,222.22030237580992
80,883,272.1223103057758,138.03550295857988,218.22417153996102
81,915,269.8896174863388,145.41449603624008,225.26766595289078
82,923,269.9707475622969,138.02732240437157,224.29206963249516
83,942,268.5,145.19934994582883,228.24015748031496
84,952,266.05357142857144,137.73354564755837,236.0584677419355
85,967,262.6401240951396,144.7268907563025,231.39807692307693
86,982,257.4887983706721,139.44674250258532,242.70438799076211
87,1000,257.757,145.98778004073318,237.46610169491527
88,1011,255.10385756676558,141.913,242.71621621621622
89,1014,255.98323471400394,146.87833827893175,237.4864300626305
90,1039,250.7189605389798,144.19526627218934,242.15862068965518
91,1039,251.74013474494706,146.98652550529354,235.97816593886463
92,1034,251.65280464216633,149.34456207892205,242.10561797752808
93,1028,251.6760700389105,147.36266924564796,235.13140311804008
94,985,254.2213197969543,153.46789883268482,240.5952380952381
95,958,258.5302713987474,148.31065989847716,228.98136645962734
96,939,268.0276890308839,152.10542797494782,232.48426150121065
97,921,273.4657980456026,145.98828541001066,229.46511627906978
98,908,275.50660792951544,148.3072747014115,240.8390022675737
99,901,281.32852386237516,144.66409691629957,236.77
100,920,281.2836956521739,142.0721420643729,242.01541425818883
101,930,282.5075268817204,142.9141304347826,244.87450199203187
102,941,279.41232731137086,141.13225806451612,246.39667896678966
103,959,278.23044838373306,142.49734325185972,251.15918367346939
104,964,276.36410788381744,139.24713242961417,249.82600732600733
105,971,275.73017507723995,141.8454356846473,257.2398286937902
106,980,273.4622448979592,141.31204943357363,253.81106870229007
107,987,273.81053698074976,141.51326530612246,265.2895277207392
108,1001,268.7102897102897,141.3596757852077,258.8538622129436
109,1009,268.01585728444,141.14885114885115,264.6174089068826
110,1019,260.4749754661433,145.54013875123886,257.2393162393162
111,1024,263.169921875,142.5819430814524,263.0022271714922
112,1019,263.3817468105986,148.0244140625,256.56808510638297
113,1019,266.20314033366043,144.1668302257115,262.6746203904555
114,1014,265.1163708086785,148.5721295387635,255.3866090712743
115,1017,265.15634218289085,145.51676528599606,262.0022624434389
116,1011,266.4371909000989,148.82792527040314,254.93548387096774
117,1012,266.5612648221344,146.83481701285857,261.97350993377484
118,987,268.6231003039514,149.12450592885375,253.51555555555555
119,970,268.57319587628865,148.46403242147923,261.86577181208054
120,964,273.12240663900417,149.459793814433,253.06666666666666
121,959,275.1511991657977,149.86929460580913,261.97350993377484
122,944,279.23093220338984,149.6298227320125,254.1627906976744
123,939,281.75612353567624,151.93326271186442,262.26382978723404
124,930,284.7247311827957,149.66560170394035,254.21729957805908
125,934,285.1199143468951,154.96666666666667,261.8292134831461
126,935,286.4417112299465,149.8458244111349,255.8675889328063
127,933,290.3151125401929,152.88877005347592,267.23747276688454
128,935,288.25989304812833,149.16613076098608,263.42105263157896
129,938,288.318763326226,154.54545454545453,267.7190775681342
130,947,285.311510031679,150.30703624733476,263.0235042735043
131,960,284.5385416666667,155.97043294614573,267.50959488272923
132,969,281.94014447884416,152.73020833333334,263.7525987525988
133,973,282.23638232271327,156.5077399380805,267.06843267108167
134,972,277.77777777777777,154.76772867420348,262.67316017316017
135,973,279.7070914696814,156.8395061728395,266.9822222222222
136,967,278.97207859358844,156.33299075025693,260.707656612529
137,957,280.66562173458726,157.21613236814892,267.3477321814255
138,965,280.01658031088084,157.9717868338558,260.775462962963
139,969,281.6635706914345,157.70880829015545,267.0110864745011
140,972,280.5462962962963,160.28379772961816,260.707656612529
141,977,281.77482088024567,158.25925925925927,267.0969162995595
142,978,281.66768916155416,162.06141248720573,261.175799086758
143,966,283.6169772256729,159.1073619631902,267.06843267108167
144,966,282.59730848861284,164.18426501035196,261.24145785876993
145,953,286.12381951731373,160.29296066252587,266.3130841121495
146,957,285.73667711598745,165.14270724029382,262.67316017316017
147,957,285.99059561128524,161.94670846394985,266.3767441860465
148,959,287.52346193952036,166.24137931034483,261.56531531531533
149,963,287.2419522326064,164.29822732012514,266.2488262910798
150,956,288.39539748953973,166.6282450674974,261.4366515837104
151,944,289.07521186440675,166.43305439330544,266.2488262910798
152,930,290.8494623655914,166.78707627118644,260.57109557109555
153,924,293.39285714285717,168.43548387096774,266.28103044496487
154,910,295.77362637362637,166.94264069264068,261.175799086758
155,910,297.62857142857143,170.47252747252747,266.43981481481484
156,905,302.0011049723757,166.22857142857143,262.13024282560707
157,911,302.4588364434687,167.353591160221,267.42918454935625
158,914,303.34354485776805,164.67069154774973,261.81919642857144
159,924,302.3073593073593,164.2417943107221,267.8212058212058
160,928,305.3243534482759,163.32359307359306,263.2521186440678
161,932,302.4227467811159,163.88362068965517,268.1417004048583
162,942,302.20594479830146,163.05579399141632,263.36497890295357
163,950,300.5863157894737,163.90127388535032,268.0204498977505
164,955,299.1277486910995,163.82526315789474,263.42105263157896
165,963,298.28141225337487,167.4565445026178,267.4021505376344
166,974,295.72792607802876,164.80269989615783,264.02263374485597
167,977,295.67246673490274,170.50102669404518,266.6255707762557
168,984,295.1432926829268,166.496417604913,263.9152892561983
169,994,293.8400402414487,172.51829268292684,266.53333333333336
170,994,292.23943661971833,168.3450704225352,262.96573875803
171,1001,291.61338661338664,174.51307847082495,266.3767441860465
172,1003,290.3619142572283,169.9010989010989,263.13829787234044
173,1007,291.1320754716981,176.37487537387835,265.42065491183877
174,1011,290.9831849653808,171.46276067527307,255.3186372745491
175,1001,289.7752247752248,178.20178041543028,260.63408521303256
176,989,290.1324570273003,178.2007992007992,248.26694045174537
177,974,290.5297741273101,180.15166835187057,249.385
178,959,292.7455683003128,181.05646817248459,243.92872570194385
179,947,290.24604012671597,180.1689259645464,246.64781491002572
180,920,294.5641304347826,184.96304118268216,243.06928406466514
181,906,296.4459161147903,180.0804347826087,247.03422982885087
182,897,298.38127090301003,183.9569536423841,242.7016317016317
183,878,301.1845102505695,179.88740245261985,245.52564102564102
184,870,302.3149425287356,182.29612756264237,242.73707865168538
185,860,304.90697674418607,179.76781609195402,245.16464891041161
186,857,307.24620770128354,181.85,242.54362416107384
187,855,307.77777777777777,179.76429404900816,246.02934537246048
188,853,306.56271981242674,182.10877192982457,245.5441176470588
189,853,312.7936694021102,179.76318874560374,247.37413394919167
190,856,311.4894859813084,181.1512309495897,245.55066079295153
191,863,321.72885283893396,179.6460280373832,248.09110629067246
192,864,313.33449074074076,185.22247972190036,245.18004338394795
193,873,317.9816723940435,181.875,248.12738853503186
194,888,312.31644144144144,185.95876288659792,244.7418655097614
195,896,313.9408482142857,182.09459459459458,247.31317494600432
196,905,310.0055248618784,186.0703125,244.5464362850972
197,905,310.9756906077348,182.07734806629836,246.8954248366013
198,917,307.80370774263906,185.96243093922652,244.3405172413793
199,937,305.0565635005336,182.57360959651035,245.27482678983833
200,943,304.4167550371156,188.35965848452508,244.0328227571116
201,957,309.5287356321839,185.8950159066808,245.93095768374164
202,958,304.0501043841336,190.27272727272728,243.49885057471263
203,965,305.35854922279793,188.258872651357,246.79148936170213
204,961,302.2372528616025,193.99896373056995,243.21822541966426
205,971,304.05561277033985,193.28199791883455,244.69141531322506
206,965,301.41036269430055,196.84449021627188,243.3144208037825
207,962,303.26299376299374,199.84455958549222,242.97766749379653
208,955,302.02513089005237,200.5914760914761,238.94089834515367
209,940,307.1,204.65549738219894,233.0978835978836
210,934,306.97002141327624,200.69574468085105,234.90200445434297
211,924,311.5248917748918,206.25695931477517,230.61971830985917
212,900,311.12333333333333,200.53354978354977,234.44708423326134
213,897,315.94202898550725,205.48222222222222,233.5521628498728
214,877,318.6351197263398,199.87290969899666,233.89224137931035
215,868,322.91244239631334,201.98631698973773,234.1425120772947
216,865,321.87630057803466,197.639400921659,236.953125
217,866,325.05773672055426,197.57456647398843,243.25694444444446
218,869,326.0264672036824,195.99422632794457,243.48400852878464
219,872,324.01032110091745,197.33831990794016,251.06896551724137
220,874,323.3169336384439,195.625,247.93693693693695
221,876,323.75456621004565,197.33066361556064,250.77380952380952
222,880,323.075,195.12100456621005,248.2548596112311
223,879,322.8316268486917,197.02954545454546,254.74519230769232
224,889,320.65804274465694,194.40159271899887,249.63945578231292
225,898,328.30512249443206,196.68841394825648,254.0139534883721
226,894,327.8165548098434,193.64699331848553,249.91991341991343
227,908,325.79405286343615,196.3579418344519,253.3904109589041
228,916,326.075327510917,192.76651982378854,248.94759825327512
229,927,324.3311758360302,196.10807860262008,252.97350993377484
230,932,322.40879828326183,194.70442286947141,248.57575757575756
231,938,320.3528784648188,199.48605150214593,251.54306220095694
232,950,320.4694736842105,197.94882729211088,248.72553191489362
233,958,311.3893528183716,203.19368421052633,250.79556650246306
234,953,316.46065057712485,201.12526096033403,247.275
235,947,311.5987328405491,203.99475341028332,250.4160583941606
236,933,316.84565916398714,203.35480464625132,246.63785046728972
237,925,315.46162162162165,204.65594855305466,250.04567307692307
238,912,319.530701754386,205.23891891891893,247.0665137614679
239,909,321.84268426842686,203.93969298245614,249.73286052009456
240,902,324.32150776053214,204.14411441144114,246.24940617577198
241,890,327.20337078651687,203.45343680709536,250.26766595289078
242,886,328.1185101580135,203.238202247191,246.74651162790698
243,876,327.5262557077626,203.11512415349887,249.06221198156683
244,879,330.48350398179747,202.6837899543379,247.42889390519187
245,893,328.86786114221724,202.94539249146757,249.42521367521368
246,891,332.7250280583614,202.9003359462486,246.74651162790698
247,897,330.29654403567446,203.05387205387206,249.50103950103951
248,893,333.518477043673,202.97658862876253,246.90762124711316
249,907,329.71554575523703,203.05599104143337,249.45720250521921
250,908,331.83590308370043,203.16427783902978,248.2156862745098
251,927,326.81014023732473,203.1839207048458,248.70246085011186
252,930,328.1505376344086,203.52750809061487,248.0241758241758
253,930,326.14086021505375,204.59677419354838,248.94967177242887
254,928,327.30172413793105,206.894623655914,247.01379310344828
255,929,326.4198062432723,205.76939655172413,248.97379912663754
256,924,328.4642857142857,210.08934337997846,246.5831381733021
257,929,328.8536060279871,206.85714285714286,248.75278396436525
258,930,327.93548387096774,213.15285252960172,247.42889390519187
259,934,331.5695931477516,209.11075268817206,248.5487528344671
260,929,332.06458557588803,217.5642398286938,246.74651162790698
261,921,331.45494028230183,211.8751345532831,248.36405529953916
262,918,331.6971677559913,219.47231270358307,246.13603818615752
263,923,332.0162513542795,214.93899782135077,248.41743119266056
264,917,335.1690294438386,220.58396533044422,244.1627906976744
265,909,336.6380638063806,218.04034896401308,246.08459869848156
266,907,338.45755237045205,221.53575357535755,237.76116071428572
267,908,337.97907488986783,217.78500551267916,245.34588235294117
268,899,340.5461624026696,221.15638766519822,238.6021739130435
269,903,340.6622369878184,217.15572858731923,245.08665105386416
270,898,342.34187082405344,220.7530454042082,238.45119305856832
271,899,341.50945494994437,216.85968819599108,244.90366972477065
272,903,341.8726467331118,220.46829810901002,238.85653104925055
273,905,340.0817679558011,216.40531561461793,244.768018018018
274,912,339.81140350877195,220.44198895027625,238.58747300215984
275,915,339.60437158469944,216.5482456140351,244.45308924485127
276,916,340.3788209606987,220.54644808743168,238.5194805194805
277,921,340.03800217155265,216.69759825327512,244.35123042505592
278,932,340.3079399141631,220.58631921824104,238.6551724137931
279,935,339.63101604278074,217.09763948497854,244.30368763557485
280,931,338.06444683136414,220.74866310160428,239.05531914893618
281,935,337.5657754010695,220.58861439312568,243.67285382830627
282,933,338.10289389067526,222.17433155080215,237.8230088495575
283,935,339.64385026737966,224.0300107181136,243.39252336448598
284,927,340.47141316073356,223.44919786096256,238.5194805194805
285,923,341.74431202600215,227.14886731391584,243.4688221709007
286,923,343.66847237269775,224.56771397616467,237.46308724832215
287,921,351.2247557003257,228.02275189599132,243.65919282511211
288,923,349.78764897074757,224.13897937024973,238.45119305856832
289,933,349.43086816720256,227.48645720476708,243.838779956427
290,940,348.5382978723404,223.7813504823151,240.37881873727088
291,942,348.48619957537153,227.1095744680851,243.97014925373134
292,935,347.627807486631,223.5403397027601,239.82572614107883
293,940,348.2031914893617,226.5754010695187,244.22857142857143
294,948,350.82278481012656,223.31170212765957,239.82572614107883
295,949,350.1485774499473,225.81223628691984,244.3552894211577
296,956,354.65585774058576,223.2687038988409,241.25691699604744
297,961,350.68782518210196,225.68723849372384,246.7219827586207
298,969,354.60371517027863,223.33194588969823,249.42592592592592
299,975,349.1251282051282,225.87925696594428,248.1401515151515
300,975,348.56615384615384,223.38666666666666,254.59322033898306
301,982,345.60285132382893,225.96615384615384,250.4869739478958
302,979,345.5025536261491,223.47454175152748,255.92256637168143
303,978,339.4447852760736,226.14417177914112,249.51483050847457
304,980,338.2969387755102,223.42067553735927,254.9218009478673
305,974,341.25256673511296,226.4002047082907,248.60398230088495
306,962,341.33160083160084,223.38683127572017,254.88598574821853
307,953,343.67890870933894,226.32536382536384,248.91718426501035
308,944,345.4883474576271,223.2759706190976,255.37241379310345
309,944,352.17478813559325,226.20444915254237,248.640081799591
310,932,353.1094420600858,223.21186440677965,256.1069868995633
311,930,356.66129032258067,225.8851931330472,248.39314516129033
312,922,357.80477223427334,223.08817204301076,256.63235294117646
313,932,357.3809012875536,225.87527114967463,248.90135396518374
314,938,360.05223880597015,223.1244635193133,264.05882352941177
315,935,356.9903743315508,225.97547974413646,259.88367346938776
316,943,352.15164369034994,223.12513368983957,270.0
317,942,350.7696390658174,226.04984093319194,260.2733333333333
318,941,358.0797024442083,223.17622080679405,270.0
319,948,356.0253164556962,226.14574468085107,260.13747228381374
320,951,353.7939011566772,223.2405063291139,270.0
321,949,350.45943097997895,226.58359621451103,258.0533642691415
322,948,351.2879746835443,223.2687038988409,270.0
323,950,345.2547368421053,226.48411016949152,257.9166666666667
324,948,348.9029535864979,223.25473684210527,270.0
325,937,347.66808964781217,226.51268498942918,256.9858823529412
326,932,348.2371244635193,223.08896034297965,270.0
327,921,353.95656894679695,226.29538131041892,258.4117647058824
328,909,357.2706270627063,223.0260586319218,270.0
329,913,359.6790799561884,222.4147414741474,260.0799136069115
330,908,355.6079295154185,220.76232201533406,270.0
331,902,347.8470066518847,221.12224669603523,259.73202614379085
332,880,353.2943181818182,220.6348501664817,270.0
333,864,351.79050925925924,221.4163822525597,255.67625899280574
334,860,359.61162790697676,220.35300925925927,270.0
335,850,361.07176470588234,220.71245634458674,258.55829596412553
336,848,372.5742924528302,219.63764705882352,270.0
337,845,368.4828402366864,222.26768867924528,260.92389006342495
338,845,372.6568047337278,218.88165680473372,270.0
339,852,371.5645539906103,221.78934911242604,260.4218415417559
340,864,366.5474537037037,218.18779342723005,270.0
341,872,362.9243119266055,219.32175925925927,260.7579617834395
342,876,367.0148401826484,217.66857798165137,270.0
343,888,367.52702702702703,219.00114155251143,260.2516129032258
344,901,359.3185349611543,217.12387387387386,270.0980392156863
345,910,358.2274725274725,218.7288888888889,271.01138952164007
346,921,353.3474484256243,216.55714285714285,271.19825708061
347,925,348.3913513513514,218.40805223068554,270.3078703703704
348,945,346.96190476190475,216.04864864864865,271.4225053078556
349,951,341.5057833859096,218.37473460721867,266.8431876606684
350,953,340.60545645330535,215.94947368421052,269.57112526539277
351,954,335.6278825995807,223.15052631578948,255.97624703087885
352,944,340.4555084745763,219.45741324921136,269.2109375
353,930,337.2193548387097,229.76038338658148,248.20143884892087
354,920,346.54782608695655,222.2265372168285,262.2307692307692
355,905,352.9270718232044,229.86507072905331,245.95343680709536
356,901,352.55826859045504,220.05414364640885,252.43478260869566
357,886,361.0620767494357,225.53607103218647,246.14492753623188
358,881,361.0034052213394,217.75056433408577,252.83222958057394
359,876,362.3333333333333,221.11350737797957,245.83640081799592
360,876,364.92009132420094,215.837899543379,253.54845360824743
361,883,360.74858437146094,217.50570776255708,245.50202429149797
362,881,360.46197502837686,213.34654586636466,253.340206185567
363,892,356.6457399103139,213.53575482406356,246.20114942528735
364,898,350.6714922048998,212.57286995515696,262.0437636761488
365,904,348.1106194690266,213.1447661469933,250.3220675944334
366,920,343.4054347826087,212.58849557522123,261.99118942731275
367,927,343.8004314994606,212.58106637649618,250.7766990291262
368,925,347.9037837837838,212.11866235167207,268.03246753246754
369,925,343.63243243243244,215.19243243243244,256.5491452991453
370,921,348.7904451682953,213.54054054054055,268.0451612903226
371,921,344.06514657980455,214.2529858849077,257.96565656565656
372,925,345.8097297297297,211.08686210640607,268.0021978021978
373,931,341.1417830290011,213.36756756756756,256.19157894736844
374,927,343.07766990291265,212.44575725026854,268.15618661257605
375,932,339.81223175965664,212.88673139158576,255.247311827957
376,935,343.62139037433155,211.93776824034336,267.8909512761021
377,937,343.40981856990396,212.30588235294118,256.9491869918699
378,943,339.30434782608694,211.3649946638207,267.98447893569846
379,943,339.3351007423118,211.71792152704137,256.74642126789365
380,940,337.5776595744681,209.65853658536585,268.02819956616054
381,943,345.2598091198303,211.11489361702127,255.76631578947368
382,949,343.2402528977872,209.27677624602333,268.10229645093943
383,953,346.40398740818466,210.84720758693362,257.8
384,962,341.07484407484407,209.2906610703043,270.0
385,956,337.69037656903765,210.76091476091477,274.187648456057
386,958,331.57306889352816,209.26046025104603,271.57549234135666
387,953,337.1248688352571,210.60710553814002,288.77777777777777
388,948,343.4535864978903,209.22140608604408,270.80924855491327
389,951,349.2187171398528,210.41139240506328,288.48704663212436
390,938,349.2046908315565,209.2397476340694,270.1771653543307
391,936,345.08867521367523,210.30916844349682,288.8329238329238
392,921,349.43105320304016,209.06730769230768,274.0471092077088
393,907,353.55016538037484,210.13029315960912,288.91169451073984
394,897,359.6911928651059,208.80595369349504,274.59119496855345
395,890,356.4820224719101,207.44258639910814,288.72446555819477
396,892,357.4517937219731,205.38202247191012,276.5166340508806
397,879,356.1126279863481,206.71748878923768,295.2779220779221
398,881,354.93984108967084,205.79522184300342,275.04089979550105
399,888,348.56193693693695,206.59931895573212,288.3552941176471
400,891,355.74747474747477,205.217587373168,274.48232848232846
401,881,349.45856980703746,203.43771043771045,288.1455399061033
402,880,357.9227272727273,204.9716231555051,275.35714285714283
403,885,348.8112994350283,202.6375,288.50223214285717
404,896,343.4095982142857,204.645197740113,274.650406504065
405,901,343.7669256381798,202.17857142857142,288.19775280898875
406,902,344.55764966740577,204.50832408435073,274.38775510204084
407,907,340.587651598677,201.58647450110865,287.9436936936937
408,915,337.0087431693989,204.38037486218303,274.1311475409836
409,922,337.6366594360087,201.2863387978142,287.19718309859155
410,928,336.2101293103448,204.20824295010846,273.8412371134021
411,931,333.35982814178305,200.96659482758622,287.2591743119266
412,937,335.7929562433298,204.23200859291086,273.2489451476793
413,933,334.2197213290461,203.94236926360725,286.23844282238446
414,936,338.79059829059827,206.81779206859594,273.2138364779874
415,943,336.17179215270414,207.88568376068375,285.95853658536583
416,930,339.60645161290324,209.0996818663839,273.1666666666667
417,920,340.8510869565217,211.0505376344086,285.2860824742268
418,921,344.11183496199783,209.925,269.3976143141153
419,915,342.44699453551914,214.2269272529859,272.4257907542579
420,918,340.33115468409585,211.09945355191257,269.83972911963883
421,916,340.7423580786026,217.260348583878,283.82465753424657
422,907,343.46527012127893,213.3504366812227,269.16356107660454
423,896,349.95535714285717,219.21058434399117,271.21804511278197
424,890,352.52696629213483,215.12053571428572,267.4864253393665
425,891,354.8989898989899,219.4179775280899,263.2430107526882
426,892,354.61547085201795,214.6228956228956,267.09513274336285
427,886,358.3882618510158,218.97757847533632,262.9870410367171
428,890,351.11348314606744,214.20654627539503,266.67763157894734
429,881,357.0805902383655,215.73370786516853,262.36483516483514
430,890,352.68988764044946,211.32576617480137,266.452479338843
431,902,353.1463414634146,212.85280898876405,263.2521186440678
432,908,351.7995594713656,208.66629711751662,266.140127388535
433,920,349.37282608695654,209.28193832599118,263.9152892561983
434,930,341.47741935483873,208.60543478260868,266.17263157894735
435,937,342.6659551760939,209.18817204301075,263.4768907563025
436,949,341.17281348788197,208.37246531483459,266.056399132321
437,942,339.04140127388536,212.10748155953635,262.4344978165939
438,940,339.33829787234043,212.63269639065817,265.8110599078341
439,943,340.7274655355249,217.32765957446807,261.10983981693363
440,938,340.5543710021322,215.32873806998938,265.8587699316629
441,935,343.90909090909093,219.2132196162047,261.56531531531533
442,936,352.1880341880342,217.08235294117648,265.9778761061947
443,926,350.963282937365,218.47222222222223,262.4344978165939
444,928,351.9655172413793,216.38012958963282,266.11538461538464
445,922,352.31561822125815,217.79525862068965,264.12909836065575
446,928,353.7510775862069,215.6941431670282,266.1806722689076
447,927,354.3225458468177,217.07650862068965,263.19532908704883
448,934,351.7912205567452,212.4573894282632,266.3784860557769
449,951,350.86540483701367,213.9357601713062,263.13829787234044
450,955,347.47748691099474,209.6750788643533,266.4630350194553
451,974,343.16324435318273,213.72565445026177,272.013698630137
452,982,340.4022403258656,212.10472279260782,268.14867617107944
453,980,342.08061224489796,216.5325865580448,270.58637469586375
454,988,334.4342105263158,215.0388151174668,268.1296296296296
455,975,336.64307692307693,218.63627152988855,268.9133858267717
456,974,330.088295687885,217.31752577319588,265.5408388520971
457,964,336.4585062240664,220.6735112936345,259.00243309002434
458,957,334.5360501567398,220.41908713692945,265.15587529976017
459,944,341.1970338983051,221.5632183908046,258.80825242718447
460,912,344.7094298245614,222.88547189819724,264.9739336492891
461,898,353.3017817371938,220.66228070175438,260.4650112866817
462,882,355.9546485260771,218.05679287305122,264.9384965831435
463,873,360.290950744559,218.28684807256235,261.57659574468084
464,886,358.3058690744921,213.9828178694158,265.1804979253112
465,892,361.5997757847534,215.20880361173815,261.6492693110647
466,897,361.72909698996654,211.23318385650225,264.96049896049897
467,905,360.8441988950276,212.48494983277592,262.93592233009707
468,916,359.5556768558952,207.9646408839779,268.2
469,920,358.7554347826087,209.7150655021834,280.99343544857766
470,926,352.6274298056156,209.08152173913044,273.23651452282155
471,941,354.8926673751328,211.78077753779698,280.6271551724138
472,948,355.5464135021097,210.30499468650373,273.7096774193548
473,957,352.34900731452456,211.5506329113924,279.9741379310345
474,964,348.0622406639004,209.957157784744,273.7424547283702
475,967,345.08273009307135,213.58298755186723,279.5804347826087
476,981,340.6452599388379,212.14788004136506,272.3580786026201
477,983,340.03255340793487,215.65749235474007,278.70068027210885
478,987,337.12664640324215,215.5397148676171,272.54859611231103
479,983,338.10172939979657,217.32320162107396,276.49367088607596
480,980,338.22755102040816,218.970498474059,267.62606837606836
481,983,342.1261444557477,219.29285714285714,266.5141509433962
482,968,340.4710743801653,221.68158697863683,267.2073732718894
483,971,343.70545829042226,220.80165289256198,267.26244343891403
484,953,341.02413431269673,224.18949536560248,266.82082324455206
485,942,347.2144373673036,220.07555089192024,267.647577092511
486,934,348.61777301927197,223.48832271762208,266.696261682243
487,919,352.822633297062,219.3458244111349,267.3169642857143
488,906,354.1666666666667,221.39281828073993,266.62583518930956
489,891,365.712682379349,216.74724061810156,267.92537313432837
490,894,359.1319910514541,214.23120089786755,267.0724070450098
491,895,361.7564245810056,213.6778523489933,277.11899313501146
492,892,359.5,210.69608938547486,274.42270058708414
493,896,359.1138392857143,210.76233183856502,285.6720930232558
494,901,359.70255271920087,207.88392857142858,281.23030303030305
495,905,354.89944751381216,207.7713651498335,285.70112359550563
496,916,345.4508733624454,209.4243093922652,278.40969162995594
497,919,345.07290533188245,209.59279475982532,284.3690476190476
498,930,343.65806451612906,212.41566920565833,278.40969162995594
499,937,345.5378868729989,213.7483870967742,283.2964824120603
500,927,346.4131607335491,215.44823906083244,271.4967320261438
501,917,349.30861504907307,214.92017259978425,274.93838862559244
502,897,351.04347826086956,217.64994547437294,269.8490566037736
503,893,361.37513997760357,212.23076923076923,276.37744034707157
504,891,358.95286195286195,213.18365061590146,270.7171052631579
505,894,359.5838926174497,209.83838383838383,276.0735930735931
506,903,361.2281284606866,209.0917225950783,271.47870182555783
507,913,353.94304490690035,206.84496124031008,276.4116424116424
508,910,354.5087912087912,206.15443592552026,271.7033398821218
509,924,352.15584415584414,206.16373626373627,284.61158798283265
510,933,351.89924973204717,205.5064935064935,278.74315789473684
511,940,343.4212765957447,205.86602357984995,284.7226890756302
512,946,345.4270613107822,204.93297872340426,279.43149284253576
513,941,338.46121147715195,205.65433403805497,282.6108490566038
514,949,343.78292939936773,207.2221041445271,277.8440170940171
515,948,337.38607594936707,207.62170706006322,282.2047619047619
516,951,338.534174553102,210.4065469904963,276.84901531728667
517,952,336.66911764705884,210.13459516298633,281.8345323741007
518,949,344.85036880927294,213.3813025210084,276.48131868131867
519,939,344.6261980830671,211.9304531085353,282.86199095022624
520,933,346.41264737406215,214.96166134185304,275.02064220183485
521,929,350.0139935414424,211.18756698821008,283.1666666666667
522,929,350.5382131324004,214.2238966630786,276.9175704989154
523,927,354.56310679611653,210.77072120559743,283.3881578947368
524,926,355.91036717062633,213.55231930960088,277.1314655172414
525,930,354.0236559139785,210.18574514038878,283.46069868995636
526,931,353.34264232008593,210.3268817204301,278.0272536687631
527,943,354.0201484623542,207.72610096670246,284.41358024691357
528,943,351.372216330859,210.04029692470837,277.619957537155
529,946,354.5581395348837,210.30646871686108,283.8829787234043
530,954,348.78930817610063,212.90063424947147,275.9575892857143
531,958,352.6377870563674,213.0649895178197,284.5408163265306
532,957,347.5778474399164,215.5135699373695,275.8814317673378
533,957,352.81922675026124,215.5360501567398,283.2039911308204
534,951,351.28601472134596,217.6562173458725,276.1840354767184
535,956,354.3723849372385,217.89274447949526,283.779443254818
536,952,353.3718487394958,219.80125523012552,275.804932735426
537,956,356.87133891213387,220.02731092436974,282.7054794520548
538,956,356.21757322175733,221.84518828451883,277.7568710359408
539,958,358.26200417536535,222.07635983263597,282.4245939675174
540,953,358.54144805876183,223.80062630480168,277.96008403361344
541,942,361.39384288747345,224.42077649527806,282.78409090909093
542,940,362.3031914893617,225.56900212314224,276.48131868131867
543,943,363.3202545068929,227.3627659574468,283.0536912751678
544,950,364.31157894736845,228.101802757158,277.06047516198703
545,948,366.37025316455697,230.57368421052632,283.31497797356826
546,941,370.5058448459086,230.37447257383965,276.9175704989154
547,940,368.52872340425535,232.65568544102018,283.6038961038961
548,943,371.13467656415696,232.35638297872342,277.6885593220339
549,946,370.7938689217759,234.76033934252385,282.744874715262
550,936,373.3707264957265,234.49788583509513,277.2021505376344
551,940,373.95851063829787,236.70833333333334,282.82312925170066
552,938,375.046908315565,233.96808510638297,278.6837782340862
553,939,374.6347177848775,236.32089552238807,283.0536912751678
554,950,374.8094736842105,233.41427050053247,278.2931392931393
555,954,375.835429769392,236.0157894736842,282.86199095022624
556,952,377.5798319327731,235.68867924528303,279.0649087221095
557,958,377.3027139874739,238.20483193277312,282.97752808988764
558,959,375.72367049009387,236.08350730688935,279.6195219123506
559,968,371.6745867768595,237.82586027111574,283.09151785714283
560,972,377.8179012345679,235.8099173553719,278.42443064182197
561,978,373.6298568507157,237.63888888888889,283.81410256410254
562,983,370.00406917599184,235.64519427402863,277.4818763326226
563,986,366.25659229208924,237.53407934893184,283.27814569536423
564,983,366.14852492370295,235.55679513184583,277.2725321888412
565,979,362.7752808988764,237.35707019328586,282.6261467889908
566,975,367.0358974358974,235.35035750766087,277.4818763326226
567,972,366.3559670781893,237.04615384615386,281.7469879518072
568,971,368.6508753861998,235.1409465020576,278.2270833333333
569,961,366.7710718002081,236.85066941297632,282.78409090909093
570,949,373.4868282402529,234.86576482830384,278.5546391752577
571,943,373.8579003181336,236.43940990516333,282.58620689655174
572,942,378.0976645435244,234.57688229056203,279.6195219123506
573,934,380.7890792291221,236.30891719745222,283.1291759465479
574,925,383.0810810810811,234.42826552462526,278.6837782340862
575,926,382.4654427645788,236.08756756756756,284.0189873417722
576,935,380.5668449197861,234.2937365010799,278.938900203666
577,936,383.2126068376068,236.19786096256684,284.6036585365854
578,947,383.22914466737063,234.46153846153845,278.5546391752577
579,950,381.61263157894734,236.3051742344245,284.9403578528827
580,956,375.5010460251046,234.69052631578947,278.74795081967216
581,958,376.9853862212944,236.53033472803347,284.2842323651452
582,958,373.1534446764092,234.81837160751564,278.09414225941424
583,959,370.57664233576645,236.49164926931107,283.0536912751678
584,961,372.49947970863684,234.81837160751564,278.09414225941424
585,952,373.6376050420168,236.6378772112383,282.82312925170066
586,957,374.8317659352142,234.72268907563026,278.09414225941424
587,962,368.52182952182955,236.58202716823408,283.9171974522293
588,975,370.17641025641024,234.88149688149687,277.2021505376344
589,970,368.119587628866,236.73538461538462,283.67456896551727
590,976,367.2038934426229,235.0061855670103,277.619957537155
591,974,369.09548254620125,236.62602459016392,282.82312925170066
592,979,366.5097037793667,235.0677618069815,278.4896694214876
593,972,364.525720164609,236.732379979571,282.58620689655174
594,964,367.84854771784234,235.03703703703704,277.5510638297872
595,953,373.43966421825814,236.5923236514523,282.21830985915494
596,954,373.8218029350105,234.73871983210913,277.96008403361344
597,955,375.12356020942406,236.5775681341719,284.1194968553459
598,954,372.1488469601677,234.77068062827226,278.160751565762
599,963,373.913811007269,236.5482180293501,283.6038961038961
600,963,372.6251298026999,234.89719626168224,278.3589211618257
601,961,374.105098855359,236.67393561786085,283.6038961038961
602,962,370.008316008316,234.86576482830384,278.3589211618257
603,958,368.90292275574114,236.6891891891892,282.0921985815603
604,955,373.8198952879581,234.81837160751564,278.2270833333333
605,951,374.38170347003154,236.49528795811517,283.35164835164835
606,957,373.5370950888192,234.70662460567823,278.09414225941424
607,957,374.2549634273772,236.52351097178683,283.5326086956522
608,945,374.2899470899471,234.8025078369906,277.5510638297872
609,947,377.23548046462514,236.35238095238094,283.8486140724947
610,940,377.33829787234043,234.64202745512142,278.8118609406953
611,942,378.85881104033973,236.30957446808512,283.9512711864407
612,945,377.6179894179894,234.56050955414014,278.3589211618257
613,939,377.89243876464326,236.34391534391534,283.9512711864407
614,951,375.64668769716087,234.5111821086262,277.8926315789474
615,957,374.3019853709509,236.48315789473685,283.56832971800435
616,964,372.39315352697093,234.8025078369906,278.4896694214876
617,966,367.9130434782609,236.65041493775934,283.3881578947368
618,965,372.46735751295336,234.9284974093264,276.48131868131867
619,956,370.6956066945607,236.5979274611399,283.35164835164835
620,957,370.4190177638454,234.7866108786611,278.0272536687631
621,953,372.94648478488983,236.3228840125392,283.2039911308204
622,958,373.0292275574113,234.73871983210913,279.189898989899
623,956,374.12866108786613,236.23277661795407,283.1291759465479
624,959,372.3774765380605,234.7866108786611,278.6837782340862
625,965,371.80725388601036,236.36638830897704,283.3881578947368
626,974,371.02874743326487,234.9284974093264,277.82489451476795
627,964,369.47302904564316,236.65605749486653,282.93918918918916
628,970,367.8144329896907,234.91286307053943,277.5510638297872
629,961,369.4193548387097,236.5061855670103,283.5326086956522
630,968,371.297520661157,234.8342022940563,277.4818763326226
631,969,371.86480908152737,236.47830578512398,283.6393088552916
632,963,371.318795430945,234.99071207430342,276.9891774891775
633,956,373.5962343096234,236.466251298027,283.8486140724947
634,953,373.9569779643232,234.7866108786611,277.2725321888412
635,951,375.0609884332282,236.52570828961174,284.05263157894734
636,951,372.78969505783385,234.70662460567823,277.96008403361344
637,941,376.48671625929865,236.46792849631967,283.67456896551727
638,943,374.9851537645811,234.5441020191286,278.09414225941424
639,950,378.38421052631577,236.28525980911982,283.74463519313304
640,958,370.4759916492693,234.69052631578947,279.0649087221095
641,957,375.0219435736677,236.44154488517745,283.31497797356826
642,963,370.073727933541,234.8025078369906,278.2931392931393
643,975,370.8779487179487,236.47455867082036,283.6038961038961
644,980,370.16224489795917,235.0677618069815,277.82489451476795
645,973,364.46454265159304,236.68061224489796,283.2039911308204
646,983,366.3865717192269,235.03703703703704,276.9891774891775
647,979,366.21041879468845,236.7497456765005,282.9006772009029
648,979,365.0837589376915,235.12883435582822,277.06047516198703
649,970,363.53505154639174,236.82635342185904,282.6261467889908
650,964,367.60684647302907,234.97520661157026,276.1088888888889
651,963,369.4631360332295,236.70850622406638,283.2411504424779
652,962,369.0966735966736,234.89719626168224,278.160751565762
653,955,369.87015706806284,236.6808731808732,283.0536912751678
654,956,371.3232217573222,234.77068062827226,276.9891774891775
655,954,372.101677148847,236.53033472803347,283.2039911308204
656,952,373.25735294117646,234.75471698113208,277.7568710359408
657,946,371.0295983086681,236.60819327731093,283.9171974522293
658,942,375.27176220806797,234.62579281183932,277.2725321888412
659,941,375.19553666312436,236.4660297239915,283.35164835164835
660,937,377.5891141942369,234.5441020191286,277.4123931623932
661,931,378.44790547798067,236.3938100320171,284.25155925155923
662,935,379.9871657754011,234.3780880773362,278.74795081967216
663,937,378.39274279615796,236.36470588235295,283.779443254818
664,936,380.9455128205128,234.47812166488794,278.160751565762
665,938,378.8251599147122,236.34935897435898,284.2842323651452
666,943,376.15694591728527,234.49466950959487,276.84565217391304
667,952,374.11659663865544,236.45068928950158,284.05263157894734
668,956,373.40167364016736,234.72268907563026,278.8118609406953
669,956,375.44351464435147,236.60564853556485,283.3881578947368
670,957,372.6426332288401,234.7866108786611,277.96008403361344
671,955,373.10890052356024,236.59038662486938,283.31497797356826
672,961,373.43808532778354,234.75471698113208,278.2931392931393
673,964,370.3153526970954,236.6462018730489,282.9006772009029
674,970,370.6546391752577,234.91286307053943,278.0272536687631
675,964,368.27697095435684,236.7701030927835,283.0536912751678
676,958,371.86012526096033,234.91286307053943,278.5546391752577
677,956,370.8347280334728,236.59603340292276,282.6261467889908
678,965,365.8673575129534,234.7866108786611,278.2270833333333
679,961,374.5712799167534,236.72227979274612,282.58620689655174
680,962,366.82744282744284,234.86576482830384,278.8118609406953
681,955,372.8314136125654,236.6808731808732,283.2411504424779
682,969,368.38802889576885,234.77068062827226,277.4818763326226
683,975,369.21435897435896,236.76342975206612,282.58620689655174
684,973,363.57656731757453,235.08307692307693,278.619341563786
685,968,368.65185950413223,236.80267214799588,282.46527777777777
686,963,368.8701973001038,234.97520661157026,277.4123931623932
687,956,369.51359832635984,236.57009345794393,283.1291759465479
688,958,369.90292275574114,234.7866108786611,276.1840354767184
689,961,372.61914672216443,236.3079331941545,284.0189873417722
690,951,374.20925341745533,234.86576482830384,278.09414225941424
691,942,375.13057324840764,236.11041009463722,283.2411504424779
692,940,378.85,231.6348195329087,279.25201612903226
693,950,375.32421052631577,233.3127659574468,283.56832971800435
694,960,371.89166666666665,233.33789473684212,278.938900203666
695,967,368.8976215098242,236.11666666666667,283.46069868995636
696,967,378.05170630816957,234.75077559462255,277.1314655172414
697,968,371.14772727272725,236.08902691511386,282.93918918918916
698,959,371.0490093847758,234.66219008264463,277.5510638297872
699,947,370.0612460401267,235.74765380604796,283.5326086956522
700,949,373.6754478398314,234.21541710665258,276.77342047930284
701,943,373.29162248144223,235.45205479452054,283.8829787234043
702,932,375.3723175965665,234.04135737009543,277.82489451476795
703,936,375.18910256410254,234.96995708154506,283.56832971800435
704,936,380.3173076923077,233.81410256410257,279.0649087221095
705,935,379.67914438502675,234.90811965811966,284.08613445378154
706,938,378.79637526652454,233.68877005347593,279.9783464566929
707,941,377.93730074388947,234.79317697228146,288.09170305676855
708,944,377.1228813559322,233.6854410201913,285.8290598290598
709,956,375.45188284518827,234.67584745762713,288.1049250535332
710,951,375.6855941114616,233.81884816753927,284.9714912280702
711,960,370.1041666666667,234.59894736842105,287.65065502183404
712,959,367.90406673618355,233.8526645768025,282.7156398104265
713,954,365.1792452830189,234.6663179916318,286.6426914153132
714,950,366.37368421052633,233.6993670886076,283.48173515981733
715,948,366.99367088607596,234.52059134107708,286.6736111111111
716,941,364.65249734325187,233.6302966101695,283.0510440835267
717,939,367.80404685836,234.2403846153846,286.7350230414747
718,936,370.7457264957265,233.52558635394456,283.175519630485
719,918,371.02941176470586,234.1541755888651,287.375
720,902,378.64855875831483,230.34749455337692,284.9676724137931
721,890,381.03258426966295,230.8756936736959,287.2632743362832
722,889,377.49718785151856,228.9775028121485,285.33970276008495
723,881,374.58342792281496,229.6891891891892,286.6736111111111
724,880,378.9136363636364,226.527809307605,284.91360691144706
725,872,381.55619266055044,226.58295454545456,287.2632743362832
726,885,384.3220338983051,223.55504587155963,285.5987394957983
727,894,378.1241610738255,223.3186440677966,288.202868852459
728,912,373.7313596491228,221.00559284116332,285.7515657620042
729,925,364.13405405405405,223.0374862183021,287.12080536912754
730,926,365.04211663066957,221.17405405405407,285.02150537634407
731,930,359.0043010752688,225.80561555075593,287.00451467268624
732,924,363.4491341991342,224.25782092772383,283.8400900900901
733,922,361.4869848156182,226.5841476655809,286.61162790697676
734,923,361.08342361863487,223.43275488069415,284.4725274725275
735,916,363.4061135371179,226.46362649294247,286.7655172413793
736,908,365.3337004405286,223.08524590163935,283.95739910313904
737,908,365.2511013215859,226.147577092511,287.5119305856833
738,903,366.7120708748616,222.7566079295154,284.91360691144706
739,900,374.6,222.14507198228128,288.0807453416149
740,895,372.76648044692735,220.4788888888889,284.80477223427334
741,897,379.06465997770346,218.5776536312849,288.17864476386035
742,910,375.0736263736264,217.74470457079153,286.95436507936506
743,921,374.21064060803474,215.55824175824176,288.27494908350303
744,927,370.88457389428265,215.18675352877307,287.5772200772201
745,935,366.59786096256687,217.53721682847896,292.18064516129033
746,944,360.239406779661,217.20320855614975,293.2035010940919
747,950,357.44631578947366,220.83050847457628,291.7505518763797
748,956,349.60669456066944,224.05157894736843,291.6146572104019
749,947,354.68109820485745,227.91108786610877,290.8836104513064
750,939,354.9030883919063,230.86426299045598,289.9948979591837
751,913,358.4271631982475,232.52614727854856,284.50515463917526
752,915,358.7846994535519,233.58177826564216,273.7074829931973
753,910,361.1373626373626,233.8808743169399,283.0888324873096
754,899,360.2903225806452,235.97246696035242,272.1217798594848
755,872,364.3772935779817,235.14922048997772,281.7139037433155
756,839,371.58164481525625,238.901376146789,270.57729468599035
757,830,375.43734939759037,236.13349225268178,281.92913385826773
758,830,384.0397590361446,237.96024096385543,273.7403433476395
759,823,381.7059538274605,233.2289156626506,281.95226130653265
760,814,379.9336609336609,232.95382746051033,272.08240534521155
761,818,380.11369193154036,229.84275184275185,282.297052154195
762,820,381.89146341463413,228.93398533007334,279.18779342723
763,823,378.48967193195625,226.97926829268292,286.29978118161927
764,835,379.6491017964072,224.28797083839612,288.4754098360656
765,836,387.3444976076555,224.66706586826348,288.07795100222717
766,851,379.5652173913044,227.37918660287082,288.55479452054794
767,868,376.2972350230415,226.87661574618096,287.54484304932737
768,869,370.584579976985,228.66358381502891,287.4765258215962
769,878,370.9931662870159,228.69735327963176,287.0629213483146
770,885,368.56610169491523,231.4891676168757,285.75
771,889,363.22722159730034,230.9445701357466,286.22727272727275
772,897,361.6254180602007,235.0642615558061,285.92874692874693
773,896,366.50558035714283,233.66220735785953,285.7275
774,900,365.5888888888889,238.56935123042504,277.9909297052154
775,894,367.2326621923937,236.49944382647385,279.8250652741514
776,884,372.0656108597285,241.34563758389262,269.02054794520546
777,864,373.5636574074074,239.37443438914028,274.5921375921376
778,850,380.22705882352943,242.34259259259258,269.18888888888887
779,846,382.8238770685579,241.62235294117647,273.609022556391
780,835,385.67185628742516,241.354609929078,262.31304347826085
781,844,384.228672985782,240.50059880239522,265.6580188679245
782,847,386.39787485242033,240.49052132701422,261.9512711864407
783,849,386.7090694935218,239.99055489964582,266.4924731182796
784,859,387.23166472642606,239.7173144876325,260.4279379157428
785,865,384.73526011560693,239.65890570430733,265.8486140724947
786,881,384.80022701475593,239.28208092485548,260.47789473684213
787,903,376.3034330011074,239.89103291713963,264.99571734475376
788,918,379.9847494553377,239.21483942414176,260.219512195122
789,934,367.7109207708779,240.50819672131146,263.28275862068966
790,935,365.79465240641713,242.09753483386925,258.9893842887474
791,942,354.0912951167728,246.98387096774192,262.4033412887828
792,931,358.85392051557466,247.9787460148778,257.4252336448598
793,934,358.1531049250535,250.14655172413794,260.6839378238342
794,924,363.8668831168831,250.12095032397409,252.40334128878283
795,912,360.6907894736842,250.3170466883822,253.23095238095237
796,900,386.99,246.41776315789474,253.01363636363635
797,888,383.4740990990991,246.77196885428253,255.27956989247312
798,881,393.80022701475593,242.44144144144144,253.81410256410257
799,878,377.93166287015947,242.6534090909091,256.2122448979592
800,884,381.28619909502265,241.4526795895097,254.33469387755102
801,884,369.947963800905,242.43374858437147,255.3551797040169
802,885,374.53898305084743,241.00906002265006,253.1301518438178
803,890,367.32359550561796,241.79275198187995,254.29268292682926
804,893,371.76483762597985,240.67491563554555,253.72314049586777
805,898,365.4532293986637,241.10585585585585,253.54128440366972
806,898,369.38530066815144,240.45870535714286,251.69954128440367
807,899,364.357063403782,240.90178571428572,253.59453302961276
808,903,369.6688815060908,240.174638487208,252.88135593220338
809,911,360.9319429198683,240.9688888888889,253.75056179775282
810,916,361.40829694323145,242.26872246696036,251.279176201373
811,922,356.4240780911063,244.297149122807,252.04444444444445
812,910,360.4769230769231,246.4203056768559,250.6595744680851
813,902,359.8470066518847,248.2132596685083,251.5065274151436
814,889,363.503937007874,248.81868743047832,245.59859154929578
815,880,362.6965909090909,251.48526077097506,242.65656565656565
816,862,365.5812064965197,250.37729357798165,244.93462469733657
817,835,367.45868263473056,254.54195804195805,246.91160220994476
818,824,373.84466019417476,249.04790419161677,248.98507462686567
819,806,385.6029776674938,248.99148418491484,243.82159624413146
820,805,384.055900621118,246.3970223325062,249.65972222222223
821,807,388.542750929368,243.99503105590063,254.36658932714616
822,807,385.9479553903346,243.07063197026022,255.23665893271462
823,804,390.5497512437811,240.09913258983892,262.04
824,803,390.66625155666253,239.46641791044777,262.13626373626374
825,809,387.79357231149567,234.91656288916562,268.8855835240275
826,812,382.1908866995074,238.5105067985167,269.6551724137931
827,838,377.2613365155131,234.53884093711468,273.77884615384613
828,841,370.22711058263974,238.3436754176611,278.3015873015873
829,842,367.16745843230404,238.61740166865314,273.74473067915693
830,842,369.7019002375297,242.1021377672209,277.1027027027027
831,853,370.83939038686987,242.53444180522564,272.9718309859155
832,843,365.5812574139976,245.12089201877933,276.94594594594594
833,837,368.69653524492236,247.29216152019004,270.8222222222222
834,832,372.08413461538464,246.29425837320574,276.0773480662983
835,821,378.80511571254567,251.8086642599278,270.25
836,807,380.4981412639405,248.8124238733252,276.0824175824176
837,799,400.4392991239049,252.48946716232962,270.86538461538464
838,792,392.699494949495,247.8485607008761,277.06976744186045
839,801,397.6816479400749,251.13762626262627,272.579185520362
840,799,395.90237797246556,244.32459425717852,278.77033492822966
841,804,397.9713930348259,244.75969962453067,271.5492957746479
842,808,393.0482673267327,243.47512437810946,279.0700934579439
843,814,393.06756756756755,238.99752475247524,273.3626373626374
844,817,387.1077111383109,243.24078624078624,278.6241134751773
845,829,386.605548854041,238.98164014687882,272.39179954441914
846,847,382.4982290436836,243.13148371531966,278.0
847,860,377.0279069767442,245.78934911242604,271.4823529411765
848,858,381.22261072261074,244.21627906976744,274.56296296296296
849,855,387.7637426900585,249.78413068844807,270.9352517985611
850,860,384.25697674418603,243.7903981264637,275.76
851,866,384.7136258660508,249.8232558139535,271.74825174825173
852,865,386.07976878612715,244.2782909930716,276.3715596330275
853,873,383.0549828178694,249.86458333333334,271.94444444444446
854,875,388.64914285714286,247.58256880733944,274.99514563106794
855,869,388.7054085155351,253.23711340206185,272.94642857142856
856,867,393.8950403690888,250.64326812428078,276.31724137931036
857,867,393.3598615916955,256.681660899654,271.21140142517817
858,856,397.1857476635514,253.7439446366782,275.64539007092196
859,857,395.3943990665111,259.44392523364485,272.5170068027211
860,857,403.0385064177363,254.08984830805133,275.9299065420561
861,854,403.5222482435597,259.54025670945157,271.94444444444446
862,845,406.7869822485207,254.03395784543326,275.5876777251185
863,842,408.61163895486936,259.2639053254438,273.8228941684665
864,844,410.50118483412325,253.8064133016627,277.2079646017699
865,855,409.89707602339183,259.29383886255926,274.15778251599147
866,853,408.22157092614304,254.05263157894737,277.3083700440529
867,864,400.0949074074074,259.57561547479486,273.4792122538293
868,878,396.3428246013667,254.21875,277.4078947368421
869,880,394.925,259.8082191780822,271.87935034802786
870,879,393.9886234357224,257.6045454545455,276.744920993228
871,879,390.68145620022756,262.88825541619156,272.0092378752887
872,890,389.48539325842694,260.6716077537058,274.3974683544304
873,894,395.3557046979866,266.76404494382024,265.8552915766739
874,893,392.60246360582306,264.88366890380314,265.5169902912621
875,887,393.41037204058625,270.0,268.4773755656109
876,883,396.9580973952435,271.25850340136054,273.39678284182304
877,873,396.78350515463916,271.60227272727275,265.53097345132744
878,869,399.1611047180667,277.4458525345622,264.49367088607596
879,849,409.6902237926973,271.1947004608295,260.3273942093541
880,845,407.5420118343195,276.936320754717,258.20449438202246
881,856,410.14018691588785,270.2650887573964,259.7865168539326
882,863,405.99768250289685,276.6320093457944,258.1123595505618
883,866,407.29792147806006,270.6917728852839,259.94279661016947
884,865,398.63583815028903,277.58720930232556,256.8985507246377
885,867,402.5686274509804,274.34375,259.2878787878788
886,878,398.9339407744875,276.5358796296296,257.4709976798144
887,890,402.82359550561796,271.2853881278539,258.6791208791209
888,891,396.0549943883277,276.8589306029579,258.0969162995595
889,893,399.74468085106383,271.3465011286682,257.5800464037123
890,895,400.0558659217877,276.90438695163107,258.0656455142232
891,886,398.54063205417606,271.55555555555554,258.2961373390558
892,886,400.3115124153499,276.43799772468714,257.4908256880734
893,887,405.5591882750846,271.03071672354946,257.6884875846501
894,884,403.28054298642536,276.618778280543,261.75854214123007
895,886,403.25056433408577,270.93099547511315,263.87191011235956
896,890,411.67191011235957,276.3968253968254,263.65813953488373
897,888,401.82094594594594,271.25084364454443,263.7739726027397
898,882,404.39569160997735,276.3076049943246,263.7881548974943
899,881,402.8762769580023,270.80887372013655,263.80227272727274
900,889,405.1203599550056,275.93226176808264,264.0328227571116
901,893,401.9675251959686,271.2099322799097,263.65813953488373
902,898,404.84187082405344,276.10674157303373,264.1228448275862
903,904,400.3462389380531,271.07270693512305,263.7454128440367
904,907,402.8103638368247,276.0011173184358,263.83031674208144
905,909,394.1837183718372,271.18534961154273,263.59859154929575
906,894,399.5302013422819,275.9012208657048,263.7454128440367
907,884,400.802036199095,271.0146561443066,263.5225653206651
908,885,405.00338983050847,275.4334470989761,263.6875
909,881,405.0158910329171,270.8172531214529,263.80227272727274
910,876,406.0251141552511,275.4334470989761,263.99339207048456
911,867,409.0634371395617,270.659793814433,263.9801324503311
912,878,402.15489749430526,275.25608342989574,263.67285382830624
913,880,411.05795454545455,270.9714937286203,264.0974025974026
914,867,403.0230680507497,275.3835616438356,263.94
915,867,405.9838523644752,270.25694444444446,263.7739726027397
916,855,407.85380116959067,275.22183507549363,263.8581081081081
917,857,414.09451575262545,270.0846063454759,264.25894736842105
918,875,409.75314285714285,274.91334894613584,264.23467230443975
919,883,407.0249150622877,270.73455377574373,263.7454128440367
920,882,408.92063492063494,275.3015873015873,264.0065934065934
921,889,402.9111361079865,270.7312072892939,264.19787234042553
922,893,402.538633818589,275.3348416289593,263.6135831381733
923,891,403.1313131313131,271.19594594594594,264.0328227571116
924,883,405.6591166477916,275.4418079096045,263.80227272727274
925,879,404.3481228668942,271.1687429218573,264.0328227571116
926,877,401.2143671607754,275.3835616438356,263.70207852193994
927,880,407.7181818181818,270.8855835240275,263.80227272727274
928,887,399.16234498308904,275.36685714285716,263.966814159292
929,890,402.8460674157303,271.35067873303166,263.7739726027397
930,897,404.5139353400223,275.6388261851016,263.67285382830624
931,903,400.2702104097453,271.58705357142856,264.2224576271187
932,910,397.27912087912085,275.7575083426029,263.7739726027397
933,906,394.88079470198676,271.8257993384785,263.6135831381733
934,901,395.47502774694783,275.59555555555556,263.46043165467626
935,894,397.334451901566,271.53691275167785,263.5835294117647
936,897,399.2385730211817,275.4500561167228,263.5531914893617
937,884,402.1606334841629,271.505039193729,263.65813953488373
938,880,404.8534090909091,275.2681818181818,263.91294642857144
939,879,402.8953356086462,271.07045454545454,264.0328227571116
940,879,408.6268486916951,275.3424345847554,263.8442437923251
941,872,409.3738532110092,271.03754266211604,263.94
942,873,407.6151202749141,275.3578826237054,263.99339207048456
943,875,410.7702857142857,270.81880733944956,264.1480686695279
944,879,412.54948805460754,275.36685714285716,264.01973684210526
945,878,409.9487471526196,271.15489749430526,264.0974025974026
946,888,407.34684684684686,275.4748858447489,264.23467230443975
947,890,401.4134831460674,271.38305084745764,263.7310344827586
948,892,402.37219730941706,275.5973003374578,263.87191011235956
949,902,398.2350332594235,271.4410774410774,263.67285382830624
950,893,402.4031354983203,275.8622222222222,263.46043165467626
951,903,393.7386489479513,271.3955056179775,263.70207852193994
952,903,399.96788482834995,275.7891231964484,263.47607655502395
953,902,392.2815964523282,271.56173526140157,263.5835294117647
954,901,395.94672586015537,275.75139977603584,263.50714285714287
955,898,394.869710467706,271.6321070234114,263.80227272727274
956,890,400.0033707865169,275.719416386083,263.3487804878049
957,882,402.1417233560091,271.27415730337077,263.8856502242152
958,877,407.88711516533635,275.5990888382688,263.70207852193994
959,878,403.1104783599089,271.0422857142857,263.80227272727274
960,881,405.0839954597049,275.53318077803203,264.0458515283843
961,880,403.52840909090907,271.2204545454546,263.7165898617512
962,882,407.0725623582766,275.5244596131968,263.9265033407572
963,884,402.90384615384613,271.05119453924914,264.1855010660981
964,883,404.039637599094,275.5158371040724,263.38106796116506
965,894,405.0492170022371,271.01360544217687,263.95343680709533
966,898,404.3630289532294,275.719416386083,263.83031674208144
967,901,398.62930077691453,271.453125,263.67285382830624
968,899,397.4949944382647,275.8622222222222,263.5835294117647
969,900,397.79333333333335,271.4161073825503,263.8856502242152
970,893,399.5296752519597,275.79910714285717,263.4289156626506
971,892,396.5739910313901,271.2094594594595,263.8581081081081
972,894,399.248322147651,275.5322033898305,263.64335664335664
973,883,406.2366930917327,271.2929292929293,263.80227272727274
974,887,401.37767756482526,275.2681818181818,264.01973684210526
975,881,407.155505107832,271.0983050847458,263.59859154929575
976,883,409.20158550396377,275.1095890410959,264.13548387096773
977,886,410.28781038374717,270.9613636363636,264.30688935281836
978,898,399.4532293986637,275.2443438914027,263.6135831381733
979,901,401.5760266370699,271.4480446927374,264.08459869848156
980,901,402.73806881243064,275.47438752783967,263.50714285714287
981,902,401.80044345898006,271.5750834260289,263.9801324503311
982,910,396.37252747252745,275.3690078037904,264.0065934065934
983,914,399.0645514223195,271.8436123348018,263.80227272727274
984,903,396.936877076412,275.72246696035245,263.31617647058823
985,889,397.5511811023622,271.8466666666667,263.59859154929575
986,889,402.22722159730034,275.4746335963923,263.4289156626506
987,886,402.46839729119637,271.3882618510158,263.80227272727274
988,884,405.1278280542986,275.3757094211124,264.08459869848156
989,882,405.8934240362812,271.31823329558324,264.0065934065934
990,879,407.1103526734926,275.466515323496,263.7597254004577
991,878,409.67539863325743,271.1412300683371,264.05882352941177
992,881,406.67763904653805,275.3257403189066,264.08459869848156
993,881,404.3405221339387,271.2204545454546,263.8442437923251
994,880,404.5443181818182,275.2681818181818,263.7881548974943
995,879,406.42320819112626,271.00455580865605,263.8993288590604
996,887,408.83201803833146,275.1500572737686,263.966814159292
997,892,407.9786995515695,271.0983050847458,264.16059957173445
998,898,403.94209354120267,275.42533936651586,263.95343680709533
999,907,401.4057331863286,271.4161073825503,264.0328227571116
1000,908,396.2235682819383,275.7575083426029,263.87191011235956
1001,905,394.80994475138124,271.7846836847947,263.46043165467626
